# Generated by QuTiP: 500x5 real matrix in decimal format [',' separated values].
0.0000000000,nan,nan,-0.1210000000,-1.2100000000
0.0801603206,-0.1181652460,-0.3630770086,-0.1182419812,-0.3630885116
0.1603206413,-0.1105940659,-0.1171208165,-0.1106740219,-0.1171336183
0.2404809619,-0.0999214368,-0.0550051483,-0.1000060444,-0.0550182891
0.3206412826,-0.0880251919,-0.0315626567,-0.0881151379,-0.0315759268
0.4008016032,-0.0763355091,-0.0203869109,-0.0764308589,-0.0204002430
0.4809619238,-0.0656709095,-0.0142268284,-0.0657713261,-0.0142401949
0.5611222445,-0.0563596632,-0.0104815650,-0.0564646107,-0.0104949526
0.6412825651,-0.0484306512,-0.0080381642,-0.0485395360,-0.0080515658
0.7214428858,-0.0417657987,-0.0063572166,-0.0418780497,-0.0063706279
0.8016032064,-0.0361937456,-0.0051519573,-0.0363088512,-0.0051653758
0.8817635271,-0.0315383987,-0.0042586467,-0.0316559176,-0.0042720707
0.9619238477,-0.0276401834,-0.0035783231,-0.0277597436,-0.0035917516
1.0420841683,-0.0243629212,-0.0030483398,-0.0244842124,-0.0030617718
1.1222444890,-0.0215939675,-0.0026274826,-0.0217167322,-0.0026409177
1.2024048096,-0.0192416401,-0.0022877423,-0.0193656650,-0.0023011801
1.2825651303,-0.0172318860,-0.0020095473,-0.0173569942,-0.0020229874
1.3627254509,-0.0155050415,-0.0017788888,-0.0156310858,-0.0017923311
1.4428857715,-0.0140130057,-0.0015855267,-0.0141398630,-0.0015989709
1.5230460922,-0.0127168981,-0.0014218358,-0.0128444653,-0.0014352819
1.6032064128,-0.0115851715,-0.0012820439,-0.0117133618,-0.0012954917
1.6833667335,-0.0105921120,-0.0011617166,-0.0107208519,-0.0011751661
1.7635270541,-0.0097166562,-0.0010574021,-0.0098458831,-0.0010708533
1.8436873747,-0.0089414607,-0.0009663808,-0.0090711211,-0.0009798337
1.9238476954,-0.0082521703,-0.0008864870,-0.0083822183,-0.0008999414
2.0040080160,-0.0076368411,-0.0008159784,-0.0077672372,-0.0008294344
2.0841683367,-0.0070854848,-0.0007534408,-0.0072161947,-0.0007668984
2.1643286573,-0.0065897063,-0.0006977167,-0.0067207002,-0.0007111758
2.2444889780,-0.0061424161,-0.0006478512,-0.0062736680,-0.0006613119
2.3246492986,-0.0057375985,-0.0006030511,-0.0058690856,-0.0006165134
2.4048096192,-0.0053701267,-0.0005626529,-0.0055018289,-0.0005761168
2.4849699399,-0.0050356123,-0.0005260983,-0.0051675119,-0.0005395637
2.5651302605,-0.0047302832,-0.0004929148,-0.0048623644,-0.0005063818
2.6452905812,-0.0044508845,-0.0004627002,-0.0045831335,-0.0004761689
2.7254509018,-0.0041945969,-0.0004351108,-0.0043270011,-0.0004485811
2.8056112224,-0.0039589692,-0.0004098510,-0.0040915175,-0.0004233229
2.8857715431,-0.0037418630,-0.0003866658,-0.0038745456,-0.0004001393
2.9659318637,-0.0035414069,-0.0003653340,-0.0036742145,-0.0003788091
3.0460921844,-0.0033559571,-0.0003456632,-0.0034888817,-0.0003591400
3.1262525050,-0.0031840663,-0.0003274854,-0.0033171005,-0.0003409638
3.2064128257,-0.0030244556,-0.0003106532,-0.0031575927,-0.0003241332
3.2865731463,-0.0028759922,-0.0002950370,-0.0030092261,-0.0003085186
3.3667334669,-0.0027376700,-0.0002805224,-0.0028709951,-0.0002940057
3.4468937876,-0.0026085929,-0.0002670083,-0.0027420040,-0.0002804931
3.5270541082,-0.0024879609,-0.0002544047,-0.0026214534,-0.0002678911
3.6072144289,-0.0023750581,-0.0002426316,-0.0025086275,-0.0002561196
3.6873747495,-0.0022692425,-0.0002316177,-0.0024028848,-0.0002451073
3.7675350701,-0.0021699367,-0.0002212990,-0.0023036481,-0.0002347901
3.8476953908,-0.0020766208,-0.0002116183,-0.0022103978,-0.0002251109
3.9278557114,-0.0019888253,-0.0002025240,-0.0021226646,-0.0002160181
4.0080160321,-0.0019061258,-0.0001939697,-0.0020400243,-0.0002074653
4.0881763527,-0.0018281375,-0.0001859134,-0.0019620922,-0.0001994105
4.1683366733,-0.0017545111,-0.0001783174,-0.0018885193,-0.0001918158
4.2484969940,-0.0016849290,-0.0001711471,-0.0018189879,-0.0001846468
4.3286573146,-0.0016191017,-0.0001643713,-0.0017532089,-0.0001778724
4.4088176353,-0.0015567653,-0.0001579617,-0.0016909182,-0.0001714640
4.4889779559,-0.0014976783,-0.0001518923,-0.0016318747,-0.0001653958
4.5691382766,-0.0014416199,-0.0001461395,-0.0015758574,-0.0001596441
4.6492985972,-0.0013883875,-0.0001406816,-0.0015226638,-0.0001541873
4.7294589178,-0.0013377952,-0.0001354989,-0.0014721082,-0.0001490055
4.8096192385,-0.0012896720,-0.0001305731,-0.0014240195,-0.0001440806
4.8897795591,-0.0012438607,-0.0001258876,-0.0013782405,-0.0001393959
4.9699398798,-0.0012002160,-0.0001214270,-0.0013346261,-0.0001349361
5.0501002004,-0.0011586042,-0.0001171771,-0.0012930424,-0.0001306868
5.1302605210,-0.0011189015,-0.0001131249,-0.0012533658,-0.0001266352
5.2104208417,-0.0010809936,-0.0001092584,-0.0012154818,-0.0001227691
5.2905811623,-0.0010447742,-0.0001055664,-0.0011792843,-0.0001190774
5.3707414830,-0.0010101453,-0.0001020385,-0.0011446750,-0.0001155497
5.4509018036,-0.0009770154,-0.0000986653,-0.0011115627,-0.0001121765
5.5310621242,-0.0009452998,-0.0000954377,-0.0010798624,-0.0001089488
5.6112224449,-0.0009149195,-0.0000923476,-0.0010494953,-0.0001058585
5.6913827655,-0.0008858012,-0.0000893874,-0.0010203878,-0.0001028978
5.7715430862,-0.0008578763,-0.0000865497,-0.0009924714,-0.0001000596
5.8517034068,-0.0008310809,-0.0000838281,-0.0009656821,-0.0000973373
5.9318637275,-0.0008053554,-0.0000812163,-0.0009399603,-0.0000947245
6.0120240481,-0.0007806441,-0.0000787084,-0.0009152502,-0.0000922156
6.0921843687,-0.0007568947,-0.0000762992,-0.0008914994,-0.0000898050
6.1723446894,-0.0007340584,-0.0000739834,-0.0008686591,-0.0000874877
6.2525050100,-0.0007120895,-0.0000717564,-0.0008466834,-0.0000852590
6.3326653307,-0.0006909450,-0.0000696137,-0.0008255294,-0.0000831143
6.4128256513,-0.0006705847,-0.0000675512,-0.0008051566,-0.0000810496
6.4929859719,-0.0006509708,-0.0000655650,-0.0007855272,-0.0000790608
6.5731462926,-0.0006320676,-0.0000636513,-0.0007666054,-0.0000771444
6.6533066132,-0.0006138419,-0.0000618067,-0.0007483578,-0.0000752968
6.7334669339,-0.0005962620,-0.0000600281,-0.0007307528,-0.0000735148
6.8136272545,-0.0005792983,-0.0000583122,-0.0007137606,-0.0000717953
6.8937875752,-0.0005629230,-0.0000566563,-0.0006973531,-0.0000701355
6.9739478958,-0.0005471096,-0.0000550577,-0.0006815039,-0.0000685325
7.0541082164,-0.0005318334,-0.0000535137,-0.0006661880,-0.0000669839
7.1342685371,-0.0005170707,-0.0000520220,-0.0006513817,-0.0000654872
7.2144288577,-0.0005027995,-0.0000505803,-0.0006370628,-0.0000640401
7.2945891784,-0.0004889988,-0.0000491864,-0.0006232101,-0.0000626404
7.3747494990,-0.0004756487,-0.0000478383,-0.0006098036,-0.0000612861
7.4549098196,-0.0004627305,-0.0000465341,-0.0005968243,-0.0000599753
7.5350701403,-0.0004502265,-0.0000452720,-0.0005842545,-0.0000587061
7.6152304609,-0.0004381197,-0.0000440502,-0.0005720770,-0.0000574767
7.6953907816,-0.0004263942,-0.0000428671,-0.0005602757,-0.0000562856
7.7755511022,-0.0004150350,-0.0000417212,-0.0005488353,-0.0000551311
7.8557114228,-0.0004040276,-0.0000406109,-0.0005377412,-0.0000540118
7.9358717435,-0.0003933584,-0.0000395350,-0.0005269797,-0.0000529262
8.0160320641,-0.0003830146,-0.0000384920,-0.0005165376,-0.0000518730
8.0961923848,-0.0003729838,-0.0000374807,-0.0005064023,-0.0000508509
8.1763527054,-0.0003632543,-0.0000365000,-0.0004965621,-0.0000498588
8.2565130261,-0.0003538152,-0.0000355487,-0.0004870056,-0.0000488954
8.3366733467,-0.0003446558,-0.0000346257,-0.0004777219,-0.0000479596
8.4168336673,-0.0003357661,-0.0000337299,-0.0004687008,-0.0000470505
8.4969939880,-0.0003271365,-0.0000328606,-0.0004599326,-0.0000461670
8.5771543086,-0.0003187580,-0.0000320166,-0.0004514078,-0.0000453081
8.6573146293,-0.0003106220,-0.0000311971,-0.0004431176,-0.0000444730
8.7374749499,-0.0003027202,-0.0000304013,-0.0004350534,-0.0000436607
8.8176352705,-0.0002950447,-0.0000296284,-0.0004272071,-0.0000428706
8.8977955912,-0.0002875882,-0.0000288777,-0.0004195709,-0.0000421016
8.9779559118,-0.0002803434,-0.0000281483,-0.0004121374,-0.0000413532
9.0581162325,-0.0002733036,-0.0000274396,-0.0004048995,-0.0000406245
9.1382765531,-0.0002664624,-0.0000267510,-0.0003978504,-0.0000399150
9.2184368737,-0.0002598135,-0.0000260818,-0.0003909836,-0.0000392238
9.2985971944,-0.0002533511,-0.0000254314,-0.0003842929,-0.0000385505
9.3787575150,-0.0002470696,-0.0000247993,-0.0003777723,-0.0000378944
9.4589178357,-0.0002409637,-0.0000241849,-0.0003714161,-0.0000372548
9.5390781563,-0.0002350282,-0.0000235877,-0.0003652188,-0.0000366313
9.6192384770,-0.0002292584,-0.0000230072,-0.0003591752,-0.0000360234
9.6993987976,-0.0002236494,-0.0000224430,-0.0003532802,-0.0000354304
9.7795591182,-0.0002181971,-0.0000218945,-0.0003475290,-0.0000348520
9.8597194389,-0.0002128971,-0.0000213614,-0.0003419170,-0.0000342876
9.9398797595,-0.0002077454,-0.0000208432,-0.0003364397,-0.0000337368
10.0200400802,-0.0002027381,-0.0000203396,-0.0003310929,-0.0000331992
10.1002004008,-0.0001978717,-0.0000198502,-0.0003258724,-0.0000326744
10.1803607214,-0.0001931427,-0.0000193747,-0.0003207743,-0.0000321618
10.2605210421,-0.0001885477,-0.0000189126,-0.0003157948,-0.0000316613
10.3406813627,-0.0001840836,-0.0000184637,-0.0003109303,-0.0000311723
10.4208416834,-0.0001797474,-0.0000180277,-0.0003061772,-0.0000306946
10.5010020040,-0.0001755361,-0.0000176043,-0.0003015322,-0.0000302278
10.5811623246,-0.0001714471,-0.0000171932,-0.0002969920,-0.0000297715
10.6613226453,-0.0001674777,-0.0000167942,-0.0002925535,-0.0000293255
10.7414829659,-0.0001636256,-0.0000164069,-0.0002882137,-0.0000288895
10.8216432866,-0.0001598882,-0.0000160312,-0.0002839696,-0.0000284631
10.9018036072,-0.0001562634,-0.0000156668,-0.0002798186,-0.0000280461
10.9819639279,-0.0001527491,-0.0000153136,-0.0002757578,-0.0000276381
11.0621242485,-0.0001493432,-0.0000149712,-0.0002717848,-0.0000272390
11.1422845691,-0.0001460437,-0.0000146396,-0.0002678969,-0.0000268485
11.2224448898,-0.0001428489,-0.0000143185,-0.0002640918,-0.0000264664
11.3026052104,-0.0001397569,-0.0000140078,-0.0002603671,-0.0000260923
11.3827655311,-0.0001367662,-0.0000137072,-0.0002567206,-0.0000257261
11.4629258517,-0.0001338751,-0.0000134166,-0.0002531502,-0.0000253676
11.5430861723,-0.0001310821,-0.0000131360,-0.0002496536,-0.0000250165
11.6232464930,-0.0001283858,-0.0000128650,-0.0002462290,-0.0000246726
11.7034068136,-0.0001257848,-0.0000126036,-0.0002428743,-0.0000243358
11.7835671343,-0.0001232779,-0.0000123517,-0.0002395876,-0.0000240058
11.8637274549,-0.0001208637,-0.0000121092,-0.0002363672,-0.0000236825
11.9438877756,-0.0001185410,-0.0000118758,-0.0002332112,-0.0000233657
12.0240480962,-0.0001163088,-0.0000116516,-0.0002301180,-0.0000230552
12.1042084168,-0.0001141660,-0.0000114363,-0.0002270859,-0.0000227509
12.1843687375,-0.0001121114,-0.0000112299,-0.0002241133,-0.0000224525
12.2645290581,-0.0001101441,-0.0000110323,-0.0002211986,-0.0000221600
12.3446893788,-0.0001082630,-0.0000108434,-0.0002183404,-0.0000218731
12.4248496994,-0.0001064673,-0.0000106630,-0.0002155372,-0.0000215918
12.5050100200,-0.0001047560,-0.0000104912,-0.0002127876,-0.0000213159
12.5851703407,-0.0001031281,-0.0000103277,-0.0002100902,-0.0000210452
12.6653306613,-0.0001015829,-0.0000101726,-0.0002074438,-0.0000207796
12.7454909820,-0.0001001193,-0.0000100257,-0.0002048471,-0.0000205191
12.8256513026,-0.0000987365,-0.0000098869,-0.0002022987,-0.0000202634
12.9058116232,-0.0000974336,-0.0000097562,-0.0001997977,-0.0000200125
12.9859719439,-0.0000962098,-0.0000096334,-0.0001973426,-0.0000197662
13.0661322645,-0.0000950640,-0.0000095185,-0.0001949326,-0.0000195244
13.1462925852,-0.0000939955,-0.0000094114,-0.0001925664,-0.0000192870
13.2264529058,-0.0000930032,-0.0000093119,-0.0001902430,-0.0000190540
13.3066132265,-0.0000920863,-0.0000092201,-0.0001879613,-0.0000188251
13.3867735471,-0.0000912436,-0.0000091357,-0.0001857205,-0.0000186003
13.4669338677,-0.0000904742,-0.0000090587,-0.0001835195,-0.0000183795
13.5470941884,-0.0000897770,-0.0000089890,-0.0001813573,-0.0000181627
13.6272545090,-0.0000891510,-0.0000089265,-0.0001792331,-0.0000179496
13.7074148297,-0.0000885948,-0.0000088710,-0.0001771460,-0.0000177403
13.7875751503,-0.0000881074,-0.0000088225,-0.0001750951,-0.0000175346
13.8677354709,-0.0000876874,-0.0000087807,-0.0001730796,-0.0000173325
13.9478957916,-0.0000873336,-0.0000087457,-0.0001710987,-0.0000171339
14.0280561122,-0.0000870444,-0.0000087171,-0.0001691516,-0.0000169386
14.1082164329,-0.0000868184,-0.0000086950,-0.0001672376,-0.0000167467
14.1883767535,-0.0000866540,-0.0000086790,-0.0001653558,-0.0000165580
14.2685370741,-0.0000865497,-0.0000086692,-0.0001635056,-0.0000163725
14.3486973948,-0.0000865037,-0.0000086652,-0.0001616862,-0.0000161900
14.4288577154,-0.0000865143,-0.0000086669,-0.0001598971,-0.0000160107
14.5090180361,-0.0000865794,-0.0000086741,-0.0001581375,-0.0000158342
14.5891783567,-0.0000866973,-0.0000086867,-0.0001564067,-0.0000156607
14.6693386774,-0.0000868658,-0.0000087044,-0.0001547042,-0.0000154900
14.7494989980,-0.0000870828,-0.0000087270,-0.0001530293,-0.0000153221
14.8296593186,-0.0000873461,-0.0000087543,-0.0001513815,-0.0000151569
14.9098196393,-0.0000876534,-0.0000087860,-0.0001497601,-0.0000149944
14.9899799599,-0.0000880023,-0.0000088219,-0.0001481646,-0.0000148344
15.0701402806,-0.0000883904,-0.0000088618,-0.0001465945,-0.0000146771
15.1503006012,-0.0000888151,-0.0000089054,-0.0001450492,-0.0000145222
15.2304609218,-0.0000892738,-0.0000089524,-0.0001435282,-0.0000143697
15.3106212425,-0.0000897639,-0.0000090026,-0.0001420310,-0.0000142196
15.3907815631,-0.0000902826,-0.0000090557,-0.0001405570,-0.0000140719
15.4709418838,-0.0000908272,-0.0000091114,-0.0001391059,-0.0000139264
15.5511022044,-0.0000913948,-0.0000091695,-0.0001376772,-0.0000137832
15.6312625251,-0.0000919825,-0.0000092295,-0.0001362703,-0.0000136422
15.7114228457,-0.0000925875,-0.0000092914,-0.0001348849,-0.0000135034
15.7915831663,-0.0000932068,-0.0000093546,-0.0001335205,-0.0000133667
15.8717434870,-0.0000938375,-0.0000094190,-0.0001321767,-0.0000132320
15.9519038076,-0.0000944767,-0.0000094843,-0.0001308530,-0.0000130993
16.0320641283,-0.0000951214,-0.0000095501,-0.0001295492,-0.0000129687
16.1122244489,-0.0000957687,-0.0000096162,-0.0001282647,-0.0000128399
16.1923847695,-0.0000964157,-0.0000096822,-0.0001269992,-0.0000127131
16.2725450902,-0.0000970597,-0.0000097479,-0.0001257524,-0.0000125882
16.3527054108,-0.0000976977,-0.0000098130,-0.0001245238,-0.0000124651
16.4328657315,-0.0000983270,-0.0000098772,-0.0001233131,-0.0000123438
16.5130260521,-0.0000989450,-0.0000099403,-0.0001221200,-0.0000122242
16.5931863727,-0.0000995490,-0.0000100019,-0.0001209441,-0.0000121064
16.6733466934,-0.0001001365,-0.0000100619,-0.0001197852,-0.0000119903
16.7535070140,-0.0001007051,-0.0000101199,-0.0001186428,-0.0000118758
16.8336673347,-0.0001012526,-0.0000101757,-0.0001175166,-0.0000117630
16.9138276553,-0.0001017766,-0.0000102292,-0.0001164064,-0.0000116517
16.9939879760,-0.0001022751,-0.0000102801,-0.0001153119,-0.0000115421
17.0741482966,-0.0001027461,-0.0000103282,-0.0001142327,-0.0000114340
17.1543086172,-0.0001031877,-0.0000103733,-0.0001131686,-0.0000113273
17.2344689379,-0.0001035984,-0.0000104152,-0.0001121193,-0.0000112222
17.3146292585,-0.0001039764,-0.0000104538,-0.0001110845,-0.0000111186
17.3947895792,-0.0001043204,-0.0000104889,-0.0001100640,-0.0000110163
17.4749498998,-0.0001046291,-0.0000105205,-0.0001090574,-0.0000109155
17.5551102204,-0.0001049014,-0.0000105484,-0.0001080646,-0.0000108160
17.6352705411,-0.0001051361,-0.0000105724,-0.0001070853,-0.0000107179
17.7154308617,-0.0001053326,-0.0000105925,-0.0001061193,-0.0000106211
17.7955911824,-0.0001054900,-0.0000106087,-0.0001051662,-0.0000105257
17.8757515030,-0.0001056077,-0.0000106209,-0.0001042260,-0.0000104315
17.9559118236,-0.0001056855,-0.0000106290,-0.0001032982,-0.0000103386
18.0360721443,-0.0001057228,-0.0000106329,-0.0001023828,-0.0000102469
18.1162324649,-0.0001057196,-0.0000106328,-0.0001014796,-0.0000101564
18.1963927856,-0.0001056758,-0.0000106285,-0.0001005882,-0.0000100671
18.2765531062,-0.0001055914,-0.0000106202,-0.0000997085,-0.0000099790
18.3567134269,-0.0001054667,-0.0000106077,-0.0000988403,-0.0000098920
18.4368737475,-0.0001053019,-0.0000105912,-0.0000979834,-0.0000098062
18.5170340681,-0.0001050974,-0.0000105706,-0.0000971375,-0.0000097215
18.5971943888,-0.0001048537,-0.0000105461,-0.0000963026,-0.0000096379
18.6773547094,-0.0001045714,-0.0000105176,-0.0000954784,-0.0000095553
18.7575150301,-0.0001042511,-0.0000104854,-0.0000946647,-0.0000094738
18.8376753507,-0.0001038935,-0.0000104493,-0.0000938614,-0.0000093934
18.9178356713,-0.0001034996,-0.0000104095,-0.0000930683,-0.0000093139
18.9979959920,-0.0001030700,-0.0000103662,-0.0000922851,-0.0000092355
19.0781563126,-0.0001026058,-0.0000103193,-0.0000915119,-0.0000091580
19.1583166333,-0.0001021080,-0.0000102690,-0.0000907482,-0.0000090816
19.2384769539,-0.0001015774,-0.0000102155,-0.0000899941,-0.0000090060
19.3186372745,-0.0001010153,-0.0000101587,-0.0000892494,-0.0000089315
19.3987975952,-0.0001004227,-0.0000100989,-0.0000885139,-0.0000088578
19.4789579158,-0.0000998006,-0.0000100360,-0.0000877874,-0.0000087850
19.5591182365,-0.0000991503,-0.0000099704,-0.0000870698,-0.0000087132
19.6392785571,-0.0000984729,-0.0000099019,-0.0000863610,-0.0000086422
19.7194388778,-0.0000977696,-0.0000098309,-0.0000856608,-0.0000085721
19.7995991984,-0.0000970414,-0.0000097574,-0.0000849691,-0.0000085028
19.8797595190,-0.0000962897,-0.0000096815,-0.0000842857,-0.0000084344
19.9599198397,-0.0000955155,-0.0000096033,-0.0000836105,-0.0000083668
20.0400801603,-0.0000947201,-0.0000095230,-0.0000829434,-0.0000083000
20.1202404810,-0.0000939046,-0.0000094407,-0.0000822843,-0.0000082340
20.2004008016,-0.0000930702,-0.0000093564,-0.0000816330,-0.0000081688
20.2805611222,-0.0000922180,-0.0000092704,-0.0000809894,-0.0000081043
20.3607214429,-0.0000913491,-0.0000091827,-0.0000803533,-0.0000080406
20.4408817635,-0.0000904646,-0.0000090934,-0.0000797248,-0.0000079777
20.5210420842,-0.0000895657,-0.0000090027,-0.0000791035,-0.0000079155
20.6012024048,-0.0000886533,-0.0000089107,-0.0000784895,-0.0000078540
20.6813627255,-0.0000877286,-0.0000088174,-0.0000778827,-0.0000077932
20.7615230461,-0.0000867926,-0.0000087229,-0.0000772828,-0.0000077332
20.8416833667,-0.0000858462,-0.0000086274,-0.0000766898,-0.0000076738
20.9218436874,-0.0000848905,-0.0000085310,-0.0000761037,-0.0000076151
21.0020040080,-0.0000839263,-0.0000084338,-0.0000755242,-0.0000075571
21.0821643287,-0.0000829546,-0.0000083358,-0.0000749513,-0.0000074997
21.1623246493,-0.0000819764,-0.0000082371,-0.0000743849,-0.0000074430
21.2424849699,-0.0000809923,-0.0000081379,-0.0000738249,-0.0000073870
21.3226452906,-0.0000800034,-0.0000080382,-0.0000732712,-0.0000073315
21.4028056112,-0.0000790104,-0.0000079381,-0.0000727237,-0.0000072767
21.4829659319,-0.0000780140,-0.0000078377,-0.0000721824,-0.0000072225
21.5631262525,-0.0000770152,-0.0000077370,-0.0000716470,-0.0000071689
21.6432865731,-0.0000760145,-0.0000076361,-0.0000711176,-0.0000071159
21.7234468938,-0.0000750127,-0.0000075351,-0.0000705940,-0.0000070635
21.8036072144,-0.0000740104,-0.0000074342,-0.0000700762,-0.0000070116
21.8837675351,-0.0000730084,-0.0000073332,-0.0000695640,-0.0000069604
21.9639278557,-0.0000720073,-0.0000072323,-0.0000690575,-0.0000069097
22.0440881764,-0.0000710076,-0.0000071316,-0.0000685565,-0.0000068595
22.1242484970,-0.0000700099,-0.0000070311,-0.0000680608,-0.0000068099
22.2044088176,-0.0000690149,-0.0000069309,-0.0000675706,-0.0000067608
22.2845691383,-0.0000680230,-0.0000068309,-0.0000670856,-0.0000067122
22.3647294589,-0.0000670347,-0.0000067314,-0.0000666058,-0.0000066642
22.4448897796,-0.0000660507,-0.0000066323,-0.0000661312,-0.0000066167
22.5250501002,-0.0000650713,-0.0000065337,-0.0000656616,-0.0000065697
22.6052104208,-0.0000640969,-0.0000064356,-0.0000651970,-0.0000065232
22.6853707415,-0.0000631282,-0.0000063380,-0.0000647373,-0.0000064772
22.7655310621,-0.0000621653,-0.0000062411,-0.0000642824,-0.0000064316
22.8456913828,-0.0000612089,-0.0000061448,-0.0000638324,-0.0000063866
22.9258517034,-0.0000602592,-0.0000060492,-0.0000633870,-0.0000063420
23.0060120240,-0.0000593167,-0.0000059543,-0.0000629463,-0.0000062979
23.0861723447,-0.0000583816,-0.0000058602,-0.0000625101,-0.0000062542
23.1663326653,-0.0000574544,-0.0000057669,-0.0000620785,-0.0000062110
23.2464929860,-0.0000565354,-0.0000056744,-0.0000616513,-0.0000061682
23.3266533066,-0.0000556249,-0.0000055827,-0.0000612286,-0.0000061259
23.4068136273,-0.0000547232,-0.0000054920,-0.0000608101,-0.0000060840
23.4869739479,-0.0000538306,-0.0000054022,-0.0000603959,-0.0000060426
23.5671342685,-0.0000529474,-0.0000053133,-0.0000599860,-0.0000060015
23.6472945892,-0.0000520738,-0.0000052254,-0.0000595802,-0.0000059609
23.7274549098,-0.0000512102,-0.0000051385,-0.0000591785,-0.0000059207
23.8076152305,-0.0000503568,-0.0000050526,-0.0000587809,-0.0000058809
23.8877755511,-0.0000495139,-0.0000049678,-0.0000583872,-0.0000058415
23.9679358717,-0.0000486816,-0.0000048841,-0.0000579975,-0.0000058025
24.0480961924,-0.0000478602,-0.0000048014,-0.0000576117,-0.0000057639
24.1282565130,-0.0000470500,-0.0000047199,-0.0000572297,-0.0000057257
24.2084168337,-0.0000462511,-0.0000046396,-0.0000568515,-0.0000056878
24.2885771543,-0.0000454639,-0.0000045604,-0.0000564770,-0.0000056503
24.3687374749,-0.0000446884,-0.0000044824,-0.0000561063,-0.0000056132
24.4488977956,-0.0000439248,-0.0000044056,-0.0000557391,-0.0000055765
24.5290581162,-0.0000431735,-0.0000043300,-0.0000553756,-0.0000055401
24.6092184369,-0.0000424345,-0.0000042556,-0.0000550156,-0.0000055040
24.6893787575,-0.0000417081,-0.0000041826,-0.0000546591,-0.0000054684
24.7695390782,-0.0000409945,-0.0000041108,-0.0000543060,-0.0000054330
24.8496993988,-0.0000402937,-0.0000040403,-0.0000539564,-0.0000053980
24.9298597194,-0.0000396061,-0.0000039712,-0.0000536101,-0.0000053634
25.0100200401,-0.0000389317,-0.0000039033,-0.0000532671,-0.0000053290
25.0901803607,-0.0000382707,-0.0000038369,-0.0000529275,-0.0000052950
25.1703406814,-0.0000376233,-0.0000037718,-0.0000525910,-0.0000052614
25.2505010020,-0.0000369897,-0.0000037080,-0.0000522578,-0.0000052280
25.3306613226,-0.0000363699,-0.0000036457,-0.0000519277,-0.0000051950
25.4108216433,-0.0000357642,-0.0000035848,-0.0000516008,-0.0000051623
25.4909819639,-0.0000351728,-0.0000035253,-0.0000512769,-0.0000051298
25.5711422846,-0.0000345956,-0.0000034673,-0.0000509560,-0.0000050977
25.6513026052,-0.0000340330,-0.0000034107,-0.0000506382,-0.0000050659
25.7314629259,-0.0000334849,-0.0000033556,-0.0000503233,-0.0000050344
25.8116232465,-0.0000329516,-0.0000033019,-0.0000500113,-0.0000050032
25.8917835671,-0.0000324332,-0.0000032498,-0.0000497023,-0.0000049723
25.9719438878,-0.0000319299,-0.0000031992,-0.0000493961,-0.0000049416
26.0521042084,-0.0000314416,-0.0000031501,-0.0000490927,-0.0000049112
26.1322645291,-0.0000309686,-0.0000031025,-0.0000487921,-0.0000048812
26.2124248497,-0.0000305110,-0.0000030565,-0.0000484943,-0.0000048513
26.2925851703,-0.0000300688,-0.0000030121,-0.0000481991,-0.0000048218
26.3727454910,-0.0000296422,-0.0000029692,-0.0000479067,-0.0000047925
26.4529058116,-0.0000292313,-0.0000029279,-0.0000476169,-0.0000047635
26.5330661323,-0.0000288361,-0.0000028881,-0.0000473297,-0.0000047348
26.6132264529,-0.0000284568,-0.0000028500,-0.0000470451,-0.0000047063
26.6933867735,-0.0000280934,-0.0000028134,-0.0000467631,-0.0000046781
26.7735470942,-0.0000277460,-0.0000027785,-0.0000464836,-0.0000046501
26.8537074148,-0.0000274146,-0.0000027452,-0.0000462066,-0.0000046224
26.9338677355,-0.0000270994,-0.0000027135,-0.0000459321,-0.0000045949
27.0140280561,-0.0000268003,-0.0000026835,-0.0000456600,-0.0000045677
27.0941883768,-0.0000265174,-0.0000026550,-0.0000453903,-0.0000045407
27.1743486974,-0.0000262508,-0.0000026282,-0.0000451231,-0.0000045140
27.2545090180,-0.0000260003,-0.0000026031,-0.0000448581,-0.0000044875
27.3346693387,-0.0000257662,-0.0000025795,-0.0000445955,-0.0000044612
27.4148296593,-0.0000255483,-0.0000025577,-0.0000443352,-0.0000044351
27.4949899800,-0.0000253466,-0.0000025374,-0.0000440771,-0.0000044093
27.5751503006,-0.0000251611,-0.0000025188,-0.0000438213,-0.0000043837
27.6553106212,-0.0000249918,-0.0000025018,-0.0000435678,-0.0000043583
27.7354709419,-0.0000248386,-0.0000024864,-0.0000433164,-0.0000043332
27.8156312625,-0.0000247015,-0.0000024727,-0.0000430672,-0.0000043082
27.8957915832,-0.0000245803,-0.0000024605,-0.0000428201,-0.0000042835
27.9759519038,-0.0000244750,-0.0000024500,-0.0000425751,-0.0000042590
28.0561122244,-0.0000243855,-0.0000024410,-0.0000423323,-0.0000042347
28.1362725451,-0.0000243115,-0.0000024336,-0.0000420915,-0.0000042106
28.2164328657,-0.0000242531,-0.0000024278,-0.0000418528,-0.0000041867
28.2965931864,-0.0000242100,-0.0000024235,-0.0000416161,-0.0000041630
28.3767535070,-0.0000241820,-0.0000024208,-0.0000413814,-0.0000041395
28.4569138277,-0.0000241689,-0.0000024195,-0.0000411486,-0.0000041162
28.5370741483,-0.0000241705,-0.0000024198,-0.0000409179,-0.0000040932
28.6172344689,-0.0000241867,-0.0000024215,-0.0000406890,-0.0000040703
28.6973947896,-0.0000242170,-0.0000024246,-0.0000404621,-0.0000040476
28.7775551102,-0.0000242613,-0.0000024291,-0.0000402371,-0.0000040250
28.8577154309,-0.0000243193,-0.0000024350,-0.0000400139,-0.0000040027
28.9378757515,-0.0000243905,-0.0000024423,-0.0000397926,-0.0000039806
29.0180360721,-0.0000244748,-0.0000024509,-0.0000395732,-0.0000039586
29.0981963928,-0.0000245717,-0.0000024607,-0.0000393555,-0.0000039368
29.1783567134,-0.0000246809,-0.0000024718,-0.0000391396,-0.0000039152
29.2585170341,-0.0000248020,-0.0000024841,-0.0000389255,-0.0000038938
29.3386773547,-0.0000249345,-0.0000024975,-0.0000387132,-0.0000038725
29.4188376754,-0.0000250781,-0.0000025121,-0.0000385026,-0.0000038515
29.4989979960,-0.0000252322,-0.0000025277,-0.0000382936,-0.0000038306
29.5791583166,-0.0000253964,-0.0000025443,-0.0000380864,-0.0000038098
29.6593186373,-0.0000255702,-0.0000025619,-0.0000378809,-0.0000037893
29.7394789579,-0.0000257532,-0.0000025805,-0.0000376770,-0.0000037689
29.8196392786,-0.0000259447,-0.0000025999,-0.0000374748,-0.0000037486
29.8997995992,-0.0000261443,-0.0000026201,-0.0000372742,-0.0000037286
29.9799599198,-0.0000263513,-0.0000026410,-0.0000370752,-0.0000037086
30.0601202405,-0.0000265653,-0.0000026627,-0.0000368778,-0.0000036889
30.1402805611,-0.0000267857,-0.0000026850,-0.0000366820,-0.0000036693
30.2204408818,-0.0000270118,-0.0000027079,-0.0000364877,-0.0000036499
30.3006012024,-0.0000272431,-0.0000027313,-0.0000362949,-0.0000036306
30.3807615230,-0.0000274789,-0.0000027552,-0.0000361037,-0.0000036114
30.4609218437,-0.0000277187,-0.0000027795,-0.0000359140,-0.0000035925
30.5410821643,-0.0000279618,-0.0000028041,-0.0000357258,-0.0000035736
30.6212424850,-0.0000282076,-0.0000028290,-0.0000355390,-0.0000035549
30.7014028056,-0.0000284555,-0.0000028540,-0.0000353537,-0.0000035364
30.7815631263,-0.0000287047,-0.0000028793,-0.0000351699,-0.0000035180
30.8617234469,-0.0000289548,-0.0000029046,-0.0000349875,-0.0000034998
30.9418837675,-0.0000292051,-0.0000029299,-0.0000348065,-0.0000034816
31.0220440882,-0.0000294549,-0.0000029552,-0.0000346269,-0.0000034637
31.1022044088,-0.0000297037,-0.0000029804,-0.0000344487,-0.0000034458
31.1823647295,-0.0000299508,-0.0000030054,-0.0000342719,-0.0000034281
31.2625250501,-0.0000301955,-0.0000030301,-0.0000340964,-0.0000034106
31.3426853707,-0.0000304375,-0.0000030546,-0.0000339222,-0.0000033932
31.4228456914,-0.0000306759,-0.0000030788,-0.0000337494,-0.0000033759
31.5030060120,-0.0000309103,-0.0000031025,-0.0000335780,-0.0000033587
31.5831663327,-0.0000311401,-0.0000031257,-0.0000334078,-0.0000033417
31.6633266533,-0.0000313648,-0.0000031485,-0.0000332389,-0.0000033248
31.7434869739,-0.0000315838,-0.0000031706,-0.0000330713,-0.0000033080
31.8236472946,-0.0000317966,-0.0000031922,-0.0000329049,-0.0000032914
31.9038076152,-0.0000320028,-0.0000032131,-0.0000327398,-0.0000032749
31.9839679359,-0.0000322019,-0.0000032332,-0.0000325760,-0.0000032585
32.0641282565,-0.0000323934,-0.0000032526,-0.0000324133,-0.0000032422
32.1442885772,-0.0000325769,-0.0000032712,-0.0000322519,-0.0000032260
32.2244488978,-0.0000327520,-0.0000032889,-0.0000320917,-0.0000032100
32.3046092184,-0.0000329183,-0.0000033057,-0.0000319327,-0.0000031941
32.3847695391,-0.0000330755,-0.0000033216,-0.0000317748,-0.0000031783
32.4649298597,-0.0000332233,-0.0000033366,-0.0000316181,-0.0000031626
32.5450901804,-0.0000333613,-0.0000033506,-0.0000314626,-0.0000031471
32.6252505010,-0.0000334893,-0.0000033635,-0.0000313082,-0.0000031316
32.7054108216,-0.0000336070,-0.0000033754,-0.0000311550,-0.0000031163
32.7855711423,-0.0000337142,-0.0000033863,-0.0000310029,-0.0000031011
32.8657314629,-0.0000338107,-0.0000033961,-0.0000308519,-0.0000030860
32.9458917836,-0.0000338963,-0.0000034047,-0.0000307020,-0.0000030710
33.0260521042,-0.0000339708,-0.0000034123,-0.0000305531,-0.0000030561
33.1062124248,-0.0000340342,-0.0000034187,-0.0000304054,-0.0000030413
33.1863727455,-0.0000340864,-0.0000034240,-0.0000302587,-0.0000030266
33.2665330661,-0.0000341271,-0.0000034281,-0.0000301131,-0.0000030121
33.3466933868,-0.0000341565,-0.0000034311,-0.0000299685,-0.0000029976
33.4268537074,-0.0000341745,-0.0000034330,-0.0000298250,-0.0000029832
33.5070140281,-0.0000341811,-0.0000034337,-0.0000296825,-0.0000029690
33.5871743487,-0.0000341762,-0.0000034332,-0.0000295410,-0.0000029548
33.6673346693,-0.0000341600,-0.0000034316,-0.0000294006,-0.0000029408
33.7474949900,-0.0000341324,-0.0000034288,-0.0000292611,-0.0000029268
33.8276553106,-0.0000340935,-0.0000034249,-0.0000291226,-0.0000029130
33.9078156313,-0.0000340436,-0.0000034199,-0.0000289851,-0.0000028992
33.9879759519,-0.0000339825,-0.0000034138,-0.0000288486,-0.0000028855
34.0681362725,-0.0000339106,-0.0000034065,-0.0000287130,-0.0000028720
34.1482965932,-0.0000338278,-0.0000033982,-0.0000285784,-0.0000028585
34.2284569138,-0.0000337345,-0.0000033888,-0.0000284447,-0.0000028451
34.3086172345,-0.0000336307,-0.0000033783,-0.0000283120,-0.0000028319
34.3887775551,-0.0000335167,-0.0000033669,-0.0000281802,-0.0000028187
34.4689378758,-0.0000333925,-0.0000033544,-0.0000280493,-0.0000028056
34.5490981964,-0.0000332586,-0.0000033409,-0.0000279193,-0.0000027926
34.6292585170,-0.0000331150,-0.0000033264,-0.0000277903,-0.0000027797
34.7094188377,-0.0000329619,-0.0000033110,-0.0000276621,-0.0000027668
34.7895791583,-0.0000327998,-0.0000032946,-0.0000275348,-0.0000027541
34.8697394790,-0.0000326286,-0.0000032774,-0.0000274084,-0.0000027415
34.9498997996,-0.0000324489,-0.0000032593,-0.0000272828,-0.0000027289
35.0300601202,-0.0000322607,-0.0000032403,-0.0000271581,-0.0000027164
35.1102204409,-0.0000320643,-0.0000032206,-0.0000270343,-0.0000027040
35.1903807615,-0.0000318601,-0.0000032000,-0.0000269113,-0.0000026917
35.2705410822,-0.0000316483,-0.0000031786,-0.0000267891,-0.0000026795
35.3507014028,-0.0000314291,-0.0000031566,-0.0000266678,-0.0000026674
35.4308617234,-0.0000312029,-0.0000031338,-0.0000265473,-0.0000026553
35.5110220441,-0.0000309699,-0.0000031103,-0.0000264276,-0.0000026433
35.5911823647,-0.0000307305,-0.0000030862,-0.0000263087,-0.0000026314
35.6713426854,-0.0000304848,-0.0000030614,-0.0000261906,-0.0000026196
35.7515030060,-0.0000302332,-0.0000030361,-0.0000260733,-0.0000026079
35.8316633267,-0.0000299760,-0.0000030102,-0.0000259568,-0.0000025962
35.9118236473,-0.0000297134,-0.0000029838,-0.0000258411,-0.0000025847
35.9919839679,-0.0000294457,-0.0000029568,-0.0000257262,-0.0000025732
36.0721442886,-0.0000291733,-0.0000029294,-0.0000256120,-0.0000025617
36.1523046092,-0.0000288964,-0.0000029015,-0.0000254985,-0.0000025504
36.2324649299,-0.0000286152,-0.0000028732,-0.0000253859,-0.0000025391
36.3126252505,-0.0000283301,-0.0000028445,-0.0000252739,-0.0000025279
36.3927855711,-0.0000280413,-0.0000028154,-0.0000251627,-0.0000025168
36.4729458918,-0.0000277492,-0.0000027860,-0.0000250523,-0.0000025057
36.5531062124,-0.0000274539,-0.0000027562,-0.0000249425,-0.0000024948
36.6332665331,-0.0000271557,-0.0000027262,-0.0000248335,-0.0000024839
36.7134268537,-0.0000268550,-0.0000026959,-0.0000247252,-0.0000024730
36.7935871743,-0.0000265519,-0.0000026654,-0.0000246176,-0.0000024623
36.8737474950,-0.0000262467,-0.0000026347,-0.0000245107,-0.0000024516
36.9539078156,-0.0000259397,-0.0000026038,-0.0000244045,-0.0000024409
37.0340681363,-0.0000256311,-0.0000025728,-0.0000242990,-0.0000024304
37.1142284569,-0.0000253213,-0.0000025416,-0.0000241942,-0.0000024199
37.1943887776,-0.0000250103,-0.0000025103,-0.0000240900,-0.0000024095
37.2745490982,-0.0000246985,-0.0000024789,-0.0000239866,-0.0000023991
37.3547094188,-0.0000243860,-0.0000024474,-0.0000238837,-0.0000023888
37.4348697395,-0.0000240732,-0.0000024160,-0.0000237816,-0.0000023786
37.5150300601,-0.0000237603,-0.0000023845,-0.0000236801,-0.0000023685
37.5951903808,-0.0000234474,-0.0000023530,-0.0000235792,-0.0000023584
37.6753507014,-0.0000231348,-0.0000023215,-0.0000234790,-0.0000023484
37.7555110220,-0.0000228227,-0.0000022901,-0.0000233794,-0.0000023384
37.8356713427,-0.0000225114,-0.0000022588,-0.0000232805,-0.0000023285
37.9158316633,-0.0000222010,-0.0000022276,-0.0000231822,-0.0000023187
37.9959919840,-0.0000218917,-0.0000021964,-0.0000230845,-0.0000023089
38.0761523046,-0.0000215837,-0.0000021654,-0.0000229874,-0.0000022992
38.1563126253,-0.0000212774,-0.0000021346,-0.0000228909,-0.0000022895
38.2364729459,-0.0000209727,-0.0000021040,-0.0000227951,-0.0000022799
38.3166332665,-0.0000206700,-0.0000020735,-0.0000226998,-0.0000022704
38.3967935872,-0.0000203694,-0.0000020433,-0.0000226052,-0.0000022609
38.4769539078,-0.0000200710,-0.0000020133,-0.0000225111,-0.0000022515
38.5571142285,-0.0000197752,-0.0000019835,-0.0000224176,-0.0000022422
38.6372745491,-0.0000194820,-0.0000019540,-0.0000223247,-0.0000022329
38.7174348697,-0.0000191917,-0.0000019248,-0.0000222324,-0.0000022236
38.7975951904,-0.0000189043,-0.0000018959,-0.0000221406,-0.0000022145
38.8777555110,-0.0000186202,-0.0000018673,-0.0000220494,-0.0000022053
38.9579158317,-0.0000183393,-0.0000018390,-0.0000219588,-0.0000021963
39.0380761523,-0.0000180620,-0.0000018111,-0.0000218687,-0.0000021873
39.1182364729,-0.0000177883,-0.0000017836,-0.0000217792,-0.0000021783
39.1983967936,-0.0000175184,-0.0000017565,-0.0000216902,-0.0000021694
39.2785571142,-0.0000172525,-0.0000017297,-0.0000216018,-0.0000021606
39.3587174349,-0.0000169907,-0.0000017034,-0.0000215139,-0.0000021518
39.4388777555,-0.0000167332,-0.0000016775,-0.0000214266,-0.0000021430
39.5190380762,-0.0000164801,-0.0000016520,-0.0000213398,-0.0000021343
39.5991983968,-0.0000162315,-0.0000016270,-0.0000212535,-0.0000021257
39.6793587174,-0.0000159876,-0.0000016025,-0.0000211677,-0.0000021171
39.7595190381,-0.0000157485,-0.0000015784,-0.0000210824,-0.0000021086
39.8396793587,-0.0000155144,-0.0000015549,-0.0000209977,-0.0000021001
39.9198396794,-0.0000152853,-0.0000015318,-0.0000209135,-0.0000020917
40.0000000000,-0.0000150614,-0.0000015093,-0.0000208297,-0.0000020833
