0.000000000000000000e+00,0.000000000000000000e+00,1.000000000000000000e+00,0.000000000000000000e+00,1.000000000000000000e+00,0.000000000000000000e+00
1.672240802675585471e-04,1.108647735251471833e-03,1.001022596944280973e+00,1.119770586725521867e-03,1.001119695271855958e+00,0.000000000000000000e+00
3.344481605351170943e-04,4.448648257558728177e-03,1.004101472368094772e+00,4.493720191669896627e-03,1.004492503303494155e+00,0.000000000000000000e+00
5.016722408026756414e-04,1.006259273058827432e-02,1.009270129972076546e+00,1.016621205401721344e-02,1.010159949907035504e+00,0.000000000000000000e+00
6.688963210702341886e-04,1.802288557324033952e-02,1.016585245727551712e+00,1.821270787650499517e-02,1.018192455312683542e+00,0.000000000000000000e+00
8.361204013377927357e-04,2.843395103358539039e-02,1.026127948353416919e+00,2.874213798331994377e-02,1.028691196928381180e+00,0.000000000000000000e+00
1.003344481605351283e-03,4.143548426515000077e-02,1.038005660809967479e+00,4.190039782725129419e-02,1.041790812030242375e+00,0.000000000000000000e+00
1.170568561872909830e-03,5.720692378842076598e-02,1.052354551501943680e+00,5.787516588081818847e-02,1.057663036985696525e+00,0.000000000000000000e+00
1.337792642140468377e-03,7.597339587967973096e-02,1.069342654473079524e+00,7.690231943813664872e-02,1.076521408521987633e+00,0.000000000000000000e+00
1.505016722408026924e-03,9.801347556536943451e-02,1.089173724842876778e+00,9.927432908487213159e-02,1.098627179798581821e+00,0.000000000000000000e+00
1.672240802675585471e-03,1.236692319535588197e-01,1.112091894228998346e+00,1.253511487863840090e-01,1.124296625148563544e+00,0.000000000000000000e+00
1.839464882943144019e-03,1.533591889888847593e-01,1.138387174567291549e+00,1.555742989346701743e-01,1.153909913367602957e+00,0.000000000000000000e+00
2.006688963210702566e-03,1.875950516399034762e-01,1.168401810174635402e+00,1.904850804585182245e-01,1.187921703539020379e+00,0.000000000000000000e+00
2.173913043478261330e-03,2.270033429944048331e-01,1.202537388984536104e+00,2.307481802543278060e-01,1.226873529237672011e+00,0.000000000000000000e+00
2.341137123745819660e-03,2.723534966304675953e-01,1.241262435307496137e+00,2.771823580469487958e-01,1.271407833324584624e+00,0.000000000000000000e+00
2.508361204013377990e-03,3.245944865251246259e-01,1.285119883467775059e+00,3.308004729382832410e-01,1.322283105531478986e+00,0.000000000000000000e+00
2.675585284280936754e-03,3.849027957213176365e-01,1.334733264775458617e+00,3.928618445321219732e-01,1.380388807928216721e+00,0.000000000000000000e+00
2.842809364548495518e-03,4.547454692992832781e-01,1.390809475959191133e+00,4.649408653513823486e-01,1.446757408637940445e+00,0.000000000000000000e+00
3.010033444816053848e-03,5.359631985606989613e-01,1.454134414089621741e+00,5.490168608676107009e-01,1.522568518765494261e+00,0.000000000000000000e+00
3.177257525083612179e-03,6.308798212204426159e-01,1.525555223650358005e+00,6.475912937116966583e-01,1.609136341524695979e+00,0.000000000000000000e+00
3.344481605351170943e-03,7.424461382266808185e-01,1.605938986930715462e+00,7.638391522813949841e-01,1.707865821403290241e+00,0.000000000000000000e+00
3.511705685618729707e-03,8.744270626231007704e-01,1.696091981525100101e+00,9.018008931074011914e-01,1.820154645827699369e+00,0.000000000000000000e+00
3.678929765886288037e-03,1.031640674704203509e+00,1.796616045089585390e+00,1.066617881099217957e+00,1.947208143159524729e+00,0.000000000000000000e+00
3.846153846153846367e-03,1.220253291316392819e+00,1.907670203755460259e+00,1.264804705155763598e+00,2.089725126568937608e+00,0.000000000000000000e+00
4.013377926421405131e-03,1.448121384827283142e+00,2.028600496919984231e+00,1.504530882587909790e+00,2.247412815610145831e+00,0.000000000000000000e+00
4.180602006688963895e-03,1.725140870092026102e+00,2.157408622000324350e+00,1.795845487986253985e+00,2.418313802846288496e+00,0.000000000000000000e+00
4.347826086956522659e-03,2.063505122083038046e+00,2.290069476768441525e+00,2.150715764157554055e+00,2.598000472011485318e+00,0.000000000000000000e+00
4.515050167224080556e-03,2.477674309960562038e+00,2.419806203411937418e+00,2.582670050377207538e+00,2.778830704662038631e+00,0.000000000000000000e+00
4.682274247491639320e-03,2.983727141752319234e+00,2.536608979900706107e+00,3.105770068555533392e+00,2.949645256197692245e+00,0.000000000000000000e+00
4.849498327759198084e-03,3.597663247060149505e+00,2.627506265467990598e+00,3.732668944477357531e+00,3.096421552521279263e+00,0.000000000000000000e+00
5.016722408026755980e-03,4.332310948393712557e+00,2.678201365187789396e+00,4.471756847254573231e+00,3.204286829405076364e+00,2.218518518518508842e-01
5.183946488294314744e-03,5.193008772696595443e+00,2.676364022964752287e+00,5.323915169109909584e+00,3.260762494601094907e+00,2.323621227887617824e+00
5.351170568561873508e-03,6.173250086167836770e+00,2.615891602374156300e+00,6.280016262875271593e+00,3.259270930606082750e+00,4.231445312500004441e+00
5.518394648829432272e-03,7.252494933050099846e+00,2.500211809849927302e+00,7.320530515879479339e+00,3.201346143625713569e+00,5.968472604836250639e+00
5.685618729096991036e-03,8.398196366878185160e+00,2.342392074632105192e+00,8.417959989782207941e+00,3.096325850237111599e+00,7.554498269896200213e+00
5.852842809364548933e-03,9.572061546158593615e+00,2.161404981613920029e+00,9.541468837406474890e+00,2.958583988384099861e+00,9.006530612244905143e+00
6.020066889632107697e-03,1.073790623224892471e+01,1.976433334848945789e+00,1.066195802833073891e+01,2.803671035971347703e+00,1.033924897119342035e+01
6.187290969899666461e-03,1.186758629434824108e+01,1.802227655981942789e+00,1.175580142007324191e+01,2.645054215940795039e+00,1.156537618699781866e+01
6.354515050167224358e-03,1.294315042773498448e+01,1.647293894272274350e+00,1.280642223766216503e+01,2.492421856153640203e+00,1.269598337950138678e+01
6.521739130434783122e-03,1.395575934041664823e+01,1.514612778446866148e+00,1.380398688944742425e+01,2.351515151799572934e+00,1.374074074074074403e+01
6.688963210702341886e-03,1.490310188664355806e+01,1.403511173513421806e+00,1.474404473384270986e+01,2.224880062621671595e+00,1.470812500000000256e+01
6.856187290969900650e-03,1.578678658076912811e+01,1.311492843714337164e+00,1.562590024263770694e+01,2.112902094226424055e+00,1.560559190957764031e+01
7.023411371237459414e-03,1.661039432218790424e+01,1.235505060280847500e+00,1.645118806662977917e+01,2.014728380072004832e+00,1.643972033257747967e+01
7.190635451505017310e-03,1.737826883691052871e+01,1.172622084846615786e+00,1.722281851819765564e+01,1.928931494654449130e+00,1.721633315305570733e+01
7.357859531772576074e-03,1.809486303460113277e+01,1.120323519398137790e+00,1.794428069345060095e+01,1.853920570862852113e+00,1.794059917355372136e+01
7.525083612040134838e-03,1.876442958839708908e+01,1.076550432195304330e+00,1.861922096268146021e+01,1.788163041412698551e+00,1.861711934156378945e+01
7.692307692307692735e-03,1.939089882552359612e+01,1.039663474583827352e+00,1.925120825052132645e+01,1.730284801735838096e+00,1.924999999999999645e+01
7.859531772575251499e-03,1.997784870651686262e+01,1.008370488846162205e+00,1.984361573943347778e+01,1.679100998469876371e+00,1.984291534631055143e+01
8.026755852842810263e-03,2.052851573609670766e+01,9.816541073570546061e-01,2.039957061541201710e+01,1.633611585634537233e+00,2.039916087962963331e+01
8.193979933110369027e-03,2.104582161357669534e+01,9.587101731279137340e-01,2.092194136382101988e+01,1.592981652157717587e+00,2.092169929196169065e+01
8.361204013377927791e-03,2.153240409521738741e+01,9.388989051792888674e-01,2.141334450625936370e+01,1.556517197081259907e+00,2.141320000000000690e+01
8.528428093645486555e-03,2.199064720016353291e+01,9.217073909322744951e-01,2.187616049985362565e+01,1.523641493121504542e+00,2.187607330513905524e+01
8.695652173913045319e-03,2.242270895022558719e+01,9.067211463376275704e-01,2.231255319378530544e+01,1.493874150334949302e+00,2.231250000000000711e+01
8.862876254180602348e-03,2.283054616348069032e+01,8.936026041256531771e-01,2.272448991632567328e+01,1.466813458570657369e+00,2.272445710217159132e+01
9.030100334448161112e-03,2.321593636151224871e+01,8.820747890060984808e-01,2.311376075347986969e+01,1.442121883603224575e+00,2.311374028349337095e+01
9.197324414715719876e-03,2.358049704382430534e+01,8.719088508199271947e-01,2.348199638407025702e+01,1.419514319192355600e+00,2.348198347107438266e+01
9.364548494983278640e-03,2.392570263148551746e+01,8.629144698774693367e-01,2.383068425728880158e+01,1.398748633608213776e+00,2.383067602040816624e+01
9.531772575250837404e-03,2.425289937344323832e+01,8.549324113828368210e-01,2.416118311054922074e+01,1.379618077083270888e+00,2.416117779829691159e+01
9.698996655518396168e-03,2.456331848059895862e+01,8.478286994036866586e-01,2.447473592483890670e+01,1.361945177584667599e+00,2.447473246135553282e+01
9.866220735785954932e-03,2.485808771995946387e+01,8.414900212322856676e-01,2.477248145505279453e+01,1.345576818901671690e+00,2.477247917265154342e+01
1.003344481605351196e-02,2.513824166981373054e+01,8.358200743488883866e-01,2.505546448292120587e+01,1.330380255883690577e+00,2.505546296296296660e+01
1.020066889632107072e-02,2.540473080890030033e+01,8.307366415179434638e-01,2.532464493560931729e+01,1.316239873017416295e+00,2.532464391292663564e+01
1.036789297658862949e-02,2.565842958824920927e+01,8.261692328667031848e-01,2.558090600203290066e+01,1.303054534127699782e+00,2.558090530697190701e+01
1.053511705685618825e-02,2.590014361359198958e+01,8.220571728450771776e-01,2.582506136561712040e+01,1.290735403924387903e+00,2.582506088855295445e+01
1.070234113712374702e-02,2.613061604852835274e+01,8.183480387881374440e-01,2.605786165872193294e+01,1.279204147878620468e+00,2.605786132812500355e+01
1.086956521739130578e-02,2.635053333354591132e+01,8.149963792663680318e-01,2.628000023125093776e+01,1.268391436938437700e+00,2.628000000000000114e+01
1.103678929765886454e-02,2.656053030316097718e+01,8.119626565062462165e-01,2.649211831444825904e+01,1.258235699128744445e+00,2.649211815120906266e+01
1.120401337792642331e-02,2.676119477248757761e+01,8.092123693516801719e-01,2.669480965067342382e+01,1.248682072136883647e+00,2.669480953441746962e+01
1.137123745819398207e-02,2.695307165518372727e+01,8.067153225231485925e-01,2.688862465098620902e+01,1.239681520363058009e+00,2.688862456747405361e+01
1.153846153846153910e-02,2.713666666669940852e+01,8.044450150685683587e-01,2.707407413456953194e+01,1.231190087232311381e+00,2.707407407407407973e+01
1.170568561872909787e-02,2.731244965988526729e+01,8.023781264113070133e-01,2.725163269724171755e+01,1.223168259299071359e+00,2.725163265306122895e+01
1.187290969899665663e-02,2.748085763408128912e+01,8.004940827043312002e-01,2.742174175043462725e+01,1.215580423187685666e+00,2.742174171791311466e+01
1.204013377926421539e-02,2.764229745371327240e+01,7.987746895610594589e-01,2.758481226692201460e+01,1.208394399981400191e+00,2.758481224279835686e+01
1.220735785953177416e-02,2.779714830800669390e+01,7.972038198888805605e-01,2.774122726516637982e+01,1.201581044507997298e+00,2.774122724713830124e+01
1.237458193979933292e-02,2.794576393961961713e+01,7.957671476512420128e-01,2.789134406031988433e+01,1.195113899235065169e+00,2.789134404674945600e+01
1.254180602006689169e-02,2.808847466666989234e+01,7.944519200670810966e-01,2.803549630658313774e+01,1.188968894305236557e+00,2.803549629629630147e+01
1.270903010033444872e-02,2.822558921976213497e+01,7.932467620925175433e-01,2.817399585272631768e+01,1.183124086706881073e+00,2.817399584487534980e+01
1.287625418060200748e-02,2.835739641311230130e+01,7.921415081124399959e-01,2.830713443004907148e+01,1.177559432763126024e+00,2.830713442401754065e+01
1.304347826086956624e-02,2.848416666666789610e+01,7.911270566498757040e-01,2.843518518984866361e+01,1.172256589087610879e+00,2.843518518518518690e+01
1.321070234113712501e-02,2.860615339422182046e+01,7.901952446017577181e-01,2.855840410553491182e+01,1.167198737945523979e+00,2.855840410190674916e+01
1.337792642140468377e-02,2.872359427083419803e+01,7.893387380964461686e-01,2.867703125283972909e+01,1.162370433606073616e+00,2.867703125000000242e+01
1.354515050167224254e-02,2.883671239140393894e+01,7.885509375422001810e-01,2.879129198008452661e+01,1.157757466807120883e+00,2.879129197784890692e+01
1.371237458193980130e-02,2.894571733095411759e+01,7.878258948203774592e-01,2.890139797916442532e+01,1.153346744894762743e+00,2.890139797739441008e+01
1.387959866220736006e-02,2.905080611603066387e+01,7.871582409096324895e-01,2.900754826675965248e+01,1.149126185567932223e+00,2.900754826535056452e+01
1.404682274247491883e-02,2.915216411564660959e+01,7.865431224832012402e-01,2.910993008427211848e+01,1.145084622464079160e+00,2.910993008314436992e+01
1.421404682274247586e-02,2.924996585928512971e+01,7.859761462518342068e-01,2.920871972409064199e+01,1.141211721078662755e+00,2.920871972318339616e+01
1.438127090301003462e-02,2.934437578871488128e+01,7.854533300046795397e-01,2.930408328899745740e+01,1.137497903725703807e+00,2.930408328826392861e+01
1.454849498327759338e-02,2.943554894966323232e+01,7.849710594588259482e-01,2.939617739082804349e+01,1.133934282428676665e+00,2.939617739023208998e+01
1.471571906354515215e-02,2.952363162878802783e+01,7.845260501538716680e-01,2.948514979387491053e+01,1.130512598783333322e+00,2.948514979338843389e+01
1.488294314381271091e-02,2.960876194083215651e+01,7.841153137431481346e-01,2.957114000797373876e+01,1.127225169964638285e+00,2.957114000757480454e+01
1.505016722408026968e-02,2.969107037037018060e+01,7.837361281171454364e-01,2.965427983571953163e+01,1.124064840159709977e+00,2.965427983539094825e+01
1.521739130434782844e-02,2.977068027210889056e+01,7.833860108834350688e-01,2.973469387782284556e+01,1.121024936803265648e+00,2.973469387755102389e+01
1.538461538461538547e-02,2.984770833333356421e+01,7.830626957820135958e-01,2.981250000022579982e+01,1.118099231072508637e+00,2.981250000000000355e+01
1.555183946488294423e-02,2.992226500173464743e+01,7.827641116809899158e-01,2.988780976624993002e+01,1.115281902166853412e+00,2.988780976606159001e+01
1.571906354515050300e-02,2.999445488154564288e+01,7.824883638392039487e-01,2.996072883673534903e+01,1.112567504957945097e+00,2.996072883657763697e+01
1.588628762541806350e-02,3.006437710064651725e+01,7.822337171680945334e-01,3.003135734085279651e+01,1.109950940645878070e+00,3.003135734072022345e+01
1.605351170568562053e-02,3.013212565104178609e+01,7.819985812545297010e-01,3.009979022001926197e+01,1.107427430102054133e+00,3.009979021990740833e+01
1.622073578595317755e-02,3.019778970489268843e+01,7.817814969444943918e-01,3.016611754712415561e+01,1.104992489617017126e+00,3.016611754702944381e+01
1.638795986622073805e-02,3.026145390809407232e+01,7.815811243052683821e-01,3.023042482307090850e+01,1.102641908805104931e+00,3.023042482299042177e+01
1.655518394648829508e-02,3.032319865319897190e+01,7.813962318105225346e-01,3.029279325245783738e+01,1.100371730446153995e+00,3.029279325238921317e+01
1.672240802675585558e-02,3.038310033333371152e+01,7.812256866136262357e-01,3.035330000005871298e+01,1.098178232069881632e+00,3.035330000000000439e+01
1.688963210702341261e-02,3.044123157860376594e+01,7.810684457862465679e-01,3.041201842961611845e+01,1.096057909110699446e+00,3.041201842956573032e+01
1.705685618729097311e-02,3.049766147635570235e+01,7.809235484177383668e-01,3.046901832632814333e+01,1.094007459479203082e+00,3.046901832628476470e+01
1.722408026755853014e-02,3.055245577654243760e+01,7.807901084831619931e-01,3.052436610428856767e+01,1.092023769414385725e+00,3.052436610425110786e+01
1.739130434782609064e-02,3.060567708333397263e+01,7.806673083959477788e-01,3.057812500003245404e+01,1.090103900494413303e+00,3.057812500000000355e+01
1.755852842809364767e-02,3.065738503401401260e+01,7.805543931749860942e-01,3.063035525324058383e+01,1.088245077697673757e+00,3.063035525321240016e+01
1.772575250836120470e-02,3.070763646612118691e+01,7.804506651591206490e-01,3.068111427556744530e+01,1.086444678416550458e+00,3.068111427554289961e+01
1.789297658862876519e-02,3.075648557370393021e+01,7.803554792160217746e-01,3.073045680847632966e+01,1.084700222337084297e+00,3.073045680845488903e+01
1.806020066889632222e-02,3.080398405349810886e+01,7.802682383917007858e-01,3.077843507089211883e+01,1.083009362106257090e+00,3.077843507087334629e+01
1.822742474916388272e-02,3.085018124175880416e+01,7.801883899571749881e-01,3.082509889741569964e+01,1.081369874716595403e+00,3.082509889739921149e+01
1.839464882943143975e-02,3.089512424242456490e+01,7.801154218138891538e-01,3.087049586778311294e+01,1.079779653545259510e+00,3.087049586776859655e+01
1.856187290969900025e-02,3.093885804723666411e+01,7.800488592192552639e-01,3.091467142819774949e+01,1.078236700990247376e+00,3.091467142818494551e+01
1.872909698996655728e-02,3.098142564838458313e+01,7.799882618035304249e-01,3.095766900511336672e+01,1.076739121652763975e+00,3.095766900510204067e+01
1.889632107023411431e-02,3.102286814420359917e+01,7.799332208491276397e-01,3.099953011200001285e+01,1.075285116019186749e+00,3.099953011198997999e+01
1.906354515050167481e-02,3.106322483841206861e+01,7.798833568057884635e-01,3.104029444958314699e+01,1.073872974600738939e+00,3.104029444957422967e+01
1.923076923076923184e-02,3.110253333333345793e+01,7.798383170207636716e-01,3.108000000000794927e+01,1.072501072492850760e+00,3.108000000000000185e+01
1.939799331103679234e-02,3.114082961751897471e+01,7.797977736626081624e-01,3.111868311534597709e+01,1.071167864319890750e+00,3.111868311533888232e+01
1.956521739130434936e-02,3.117814814814824587e+01,7.797614218209060200e-01,3.115637860082938460e+01,1.069871879533796699e+00,3.115637860082305011e+01
1.973244147157190986e-02,3.121452192856458652e+01,7.797289777661400301e-01,3.119311979316855954e+01,1.068611718038432024e+00,3.119311979316288941e+01
1.989966555183946689e-02,3.124998258126793615e+01,7.797001773528443591e-01,3.122893863428234695e+01,1.067386046113695697e+00,3.122893863427724170e+01
2.006688963210702392e-02,3.128456041666679610e+01,7.796747745570525856e-01,3.126386574074533087e+01,1.066193592616011321e+00,3.126386574074074431e+01
2.023411371237458442e-02,3.131828449787145630e+01,7.796525401306309000e-01,3.129793046923438382e+01,1.065033145433378792e+00,3.129793046923024491e+01
2.040133779264214145e-02,3.135118270178277200e+01,7.796332603669131611e-01,3.133116097823539903e+01,1.063903548175942460e+00,3.133116097823165802e+01
2.056856187290970195e-02,3.138328177672026342e+01,7.796167359644646799e-01,3.136358428625274897e+01,1.062803697083755994e+00,3.136358428624937034e+01
2.073578595317725898e-02,3.141460739680897163e+01,7.796027809822206889e-01,3.139522632674603742e+01,1.061732538135584436e+00,3.139522632674297853e+01
2.090301003344481948e-02,3.144518421332555391e+01,7.795912218829063045e-01,3.142611200000278160e+01,1.060689064343792287e+00,3.142611199999999982e+01
2.107023411371237651e-02,3.147503590324766520e+01,7.795818966209463463e-01,3.145626522214076815e+01,1.059672313221467377e+00,3.145626522213824217e+01
2.123745819397993700e-02,3.150418521503626224e+01,7.795746538681964655e-01,3.148570897142024450e+01,1.058681364409415293e+00,3.148570897141794589e+01
2.140468227424749403e-02,3.153265401204526697e+01,7.795693522231781358e-01,3.151446533203335321e+01,1.057715337451248239e+00,3.151446533203125355e+01
2.157190635451505106e-02,3.156046331350448853e+01,7.795658595333715413e-01,3.154255553552662761e+01,1.056773389706147759e+00,3.154255553552470914e+01
2.173913043478261156e-02,3.158763333333488532e+01,7.795640522429647667e-01,3.157000000000175532e+01,1.055854714389492077e+00,3.157000000000000384e+01
2.190635451505016859e-02,3.161418351689104256e+01,7.795638147982593136e-01,3.159681836722962345e+01,1.054958538732313711e+00,3.159681836722802117e+01
2.207357859531772909e-02,3.164013257576011640e+01,7.795650391047396210e-01,3.162302953780374182e+01,1.054084122251425448e+00,3.162302953780226744e+01
2.224080267558528612e-02,3.166549852074048133e+01,7.795676240118477596e-01,3.164865170445044740e+01,1.053230755122603668e+00,3.164865170444909737e+01
2.240802675585284662e-02,3.169029869310483960e+01,7.795714748416109341e-01,3.167370238360562240e+01,1.052397756649587235e+00,3.167370238360436829e+01
2.257525083612040365e-02,3.171454979423816312e+01,7.795765029616985586e-01,3.169819844536008802e+01,1.051584473822865684e+00,3.169819844535894049e+01
2.274247491638796415e-02,3.173826791377834766e+01,7.795826253634348113e-01,3.172215614186957566e+01,1.050790279961579143e+00,3.172215614186851340e+01
2.290969899665552117e-02,3.176146855630322818e+01,7.795897642973241837e-01,3.174559113431820734e+01,1.050014573433717402e+00,3.174559113431723034e+01
2.307692307692307820e-02,3.178416666666918999e+01,7.795978469231473751e-01,3.176851851851942854e+01,1.049256776449076778e+00,3.176851851851851904e+01
2.324414715719063870e-02,3.180637665407243020e+01,7.796068049986020210e-01,3.179095284923224440e+01,1.048516333920205712e+00,3.179095284923140952e+01
2.341137123745819573e-02,3.182811241496637678e+01,7.796165745469083586e-01,3.181290816326607995e+01,1.047792712387043190e+00,3.181290816326530901e+01
2.357859531772575623e-02,3.184938735476108818e+01,7.796270956083535264e-01,3.183439800144263643e+01,1.047085399001418393e+00,3.183439800144191523e+01
2.374581939799331326e-02,3.187021440852038978e+01,7.796383119641979720e-01,3.185543542947895190e+01,1.046393900566982005e+00,3.185543542947828044e+01
2.391304347826087376e-02,3.189060606060618142e+01,7.796501709132840352e-01,3.187603305785186691e+01,1.045717742631803171e+00,3.187603305785124164e+01
2.408026755852843079e-02,3.191057436342600084e+01,7.796626230078036457e-01,3.189620306070017364e+01,1.045056468629812052e+00,3.189620306069958744e+01
2.424749163879598782e-02,3.193013095521208911e+01,7.796756218912549441e-01,3.191595719381742668e+01,1.044409639068363704e+00,3.191595719381688667e+01
2.441471571906354832e-02,3.194928707700018577e+01,7.796891240757201080e-01,3.193530681178508246e+01,1.043776830758871288e+00,3.193530681178457442e+01
2.458193979933110535e-02,3.196805358878246395e+01,7.797030887665503673e-01,3.195426288429251471e+01,1.043157636088164919e+00,3.195426288429204220e+01
2.474916387959866584e-02,3.198644098490385801e+01,7.797174776922302097e-01,3.197283601168781075e+01,1.042551662327792839e+00,3.197283601168736666e+01
2.491638795986622287e-02,3.200445940873529338e+01,7.797322549470894204e-01,3.199103643980042477e+01,1.041958530979314901e+00,3.199103643980001266e+01
2.508361204013378337e-02,3.202211866666677764e+01,7.797473868427170496e-01,3.200887407407446972e+01,1.041377877153105702e+00,3.200887407407407892e+01
2.525083612040134040e-02,3.203942824145141799e+01,7.797628417716094829e-01,3.202635849304891025e+01,1.040809348979126137e+00,3.202635849304855498e+01
2.541806020066889743e-02,3.205639730494004169e+01,7.797785900767431055e-01,3.204349896121917851e+01,1.040252607047188249e+00,3.204349896121883745e+01
2.558528428093645793e-02,3.207303473023198137e+01,7.797946039331212775e-01,3.206030444131206991e+01,1.039707323875894485e+00,3.206030444131175017e+01
2.575250836120401496e-02,3.208934910327777601e+01,7.798108572339349509e-01,3.207678360600468892e+01,1.039173183407454237e+00,3.207678360600439049e+01
2.591973244147157546e-02,3.210534873395779698e+01,7.798273254866842086e-01,3.209294484911578849e+01,1.038649880527948710e+00,3.209294484911550427e+01
2.608695652173913249e-02,3.212104166666658500e+01,7.798439857144273679e-01,3.210879629629656051e+01,1.038137120611081654e+00,3.210879629629629761e+01
2.625418060200669298e-02,3.213643569042680781e+01,7.798608163633641288e-01,3.212434581524631483e+01,1.037634619083991572e+00,3.212434581524605903e+01
2.642140468227425001e-02,3.215153834855529880e+01,7.798777972176473838e-01,3.213960102547693509e+01,1.037142101014317808e+00,3.213960102547668640e+01
2.658862876254181051e-02,3.216635694790549849e+01,7.798949093184637249e-01,3.215456930764893428e+01,1.036659300717058141e+00,3.215456930764869981e+01
2.675585284280936754e-02,3.218089856770825463e+01,7.799121348885150740e-01,3.216925781250020577e+01,1.036185961380009068e+00,3.216925781249999972e+01
2.692307692307692457e-02,3.219517006802717418e+01,7.799294572611530363e-01,3.218367346938795492e+01,1.035721834707050482e+00,3.218367346938775597e+01
2.709030100334448507e-02,3.220917809785088792e+01,7.799468608145008197e-01,3.219782299446242035e+01,1.035266680578380116e+00,3.219782299446222851e+01
2.725752508361204210e-02,3.222292910283925238e+01,7.799643309089847598e-01,3.221171289849091579e+01,1.034820266726285132e+00,3.221171289849072394e+01
2.742474916387960260e-02,3.223642933273858091e+01,7.799818538293512571e-01,3.222534949434878371e+01,1.034382368426224996e+00,3.222534949434860607e+01
2.759197324414715963e-02,3.224968484848483996e+01,7.799994167296430136e-01,3.223873890419361743e+01,1.033952768201868322e+00,3.223873890419345400e+01
2.775919732441472013e-02,3.226270152900749366e+01,7.800170075820704874e-01,3.225188706633779390e+01,1.033531255543785665e+00,3.225188706633764468e+01
2.792642140468227716e-02,3.227548507774857001e+01,7.800346151288787278e-01,3.226479974183384059e+01,1.033117626640943643e+00,3.226479974183369848e+01
2.809364548494983765e-02,3.228804102891167105e+01,7.800522288369143853e-01,3.227748252078623636e+01,1.032711684124141938e+00,3.227748252078609426e+01
2.826086956521739468e-02,3.230037475345169184e+01,7.800698388560991514e-01,3.228994082840250712e+01,1.032313236821060576e+00,3.228994082840237212e+01
2.842809364548495171e-02,3.231249146481621182e+01,7.800874359807762337e-01,3.230217993079597250e+01,1.031922099522161851e+00,3.230217993079585170e+01
2.859531772575251221e-02,3.232439622447797234e+01,7.801050116000105561e-01,3.231420494055162607e+01,1.031538092756819625e+00,3.231420494055151238e+01
2.876254180602006924e-02,3.233609394717844765e+01,7.801225576865079558e-01,3.232602082206609850e+01,1.031161042579547660e+00,3.232602082206598482e+01
2.892976588628762974e-02,3.234758940603806820e+01,7.801400667427139668e-01,3.233763239667224099e+01,1.030790780365226755e+00,3.233763239667212730e+01
2.909698996655518677e-02,3.235888723741459216e+01,7.801575317760659489e-01,3.234904434755812730e+01,1.030427142613456359e+00,3.234904434755802072e+01
2.926421404682274727e-02,3.236999194557793658e+01,7.801749462707705529e-01,3.236026122448989639e+01,1.030069970761037679e+00,3.236026122448979692e+01
2.943143812709030430e-02,3.238090790719261491e+01,7.801923041629181821e-01,3.237128744834719640e+01,1.029719111002886933e+00,3.237128744834711114e+01
2.959866220735786133e-02,3.239163937565408702e+01,7.802095998023887979e-01,3.238212731547989165e+01,1.029374414119967218e+00,3.238212731547979928e+01
2.976588628762542182e-02,3.240219048520272338e+01,7.802268279455076838e-01,3.239278500189378462e+01,1.029035735315193989e+00,3.239278500189370646e+01
2.993311036789297885e-02,3.241256525493146512e+01,7.802439837192453043e-01,3.240326456727326843e+01,1.028702934055489848e+00,3.240326456727318316e+01
3.010033444816053935e-02,3.242276759259261354e+01,7.802610626060156873e-01,3.241356995884780900e+01,1.028375873921050010e+00,3.241356995884773795e+01
3.026755852842809638e-02,3.243280129829174285e+01,7.802780604236160267e-01,3.242370501510951186e+01,1.028054422460275674e+00,3.242370501510942660e+01
3.043478260869565688e-02,3.244267006802716224e+01,7.802949732990457354e-01,3.243367346938783413e+01,1.027738451051245505e+00,3.243367346938775597e+01
3.060200668896321391e-02,3.245237749708859809e+01,7.803117976562384817e-01,3.244347895328821352e+01,1.027427834768404491e+00,3.244347895328814957e+01
3.076923076923077094e-02,3.246192708333342125e+01,7.803285301982794131e-01,3.245312500000007105e+01,1.027122452254787044e+00,3.245312500000000000e+01
3.093645484949833144e-02,3.247132223033853649e+01,7.803451678906347944e-01,3.246261504747998572e+01,1.026822185599572945e+00,3.246261504747991467e+01
3.110367892976588847e-02,3.248056625043368228e+01,7.803617079459130856e-01,3.247195244151545523e+01,1.026526920220384831e+00,3.247195244151539839e+01
3.127090301003344897e-02,3.248966236762092308e+01,7.803781478097323587e-01,3.248114043867431633e+01,1.026236544750209534e+00,3.248114043867425238e+01
3.143812709030100599e-02,3.249861372038741081e+01,7.803944851464609256e-01,3.249018220914447141e+01,1.025950950929105154e+00,3.249018220914441457e+01
3.160535117056856302e-02,3.250742336440826818e+01,7.804107178301529224e-01,3.249908083946890258e+01,1.025670033499827438e+00,3.249908083946884574e+01
3.177257525083612699e-02,3.251609427516375916e+01,7.804268439238986055e-01,3.250783933518012248e+01,1.025393690107773814e+00,3.250783933518005853e+01
3.193979933110368402e-02,3.252462935044146519e+01,7.804428616799174989e-01,3.251646062333822584e+01,1.025121821204838302e+00,3.251646062333817611e+01
3.210702341137124105e-02,3.253303141276462185e+01,7.804587695207465536e-01,3.252494755497690448e+01,1.024854329956676358e+00,3.252494755497685475e+01
3.227424749163879808e-02,3.254130321172409879e+01,7.804745660314430511e-01,3.253330290746065856e+01,1.024591122154003164e+00,3.253330290746060882e+01
3.244147157190635511e-02,3.254944742622842568e+01,7.804902499504903224e-01,3.254152938675741069e+01,1.024332106127024078e+00,3.254152938675736095e+01
3.260869565217391908e-02,3.255746666667185707e+01,7.805058201598414902e-01,3.254962962962967765e+01,1.024077192663010116e+00,3.254962962962962791e+01
3.277591973244147611e-02,3.256536347702350298e+01,7.805212756804664753e-01,3.255760620574765341e+01,1.023826294927275615e+00,3.255760620574761077e+01
3.294314381270903314e-02,3.257314033686341759e+01,7.805366156514043086e-01,3.256546161972742937e+01,1.023579328386952092e+00,3.256546161972738673e+01
3.311036789297659017e-02,3.258079966329975719e+01,7.805518393409359712e-01,3.257319831309735036e+01,1.023336210737668672e+00,3.257319831309730773e+01
3.327759197324415413e-02,3.258834381286684589e+01,7.805669461272882748e-01,3.258081866619534850e+01,1.023096861832906379e+00,3.258081866619529876e+01
3.344481605351171116e-02,3.259577508333335061e+01,7.805819354946450517e-01,3.258832500000004728e+01,1.022861203616068471e+00,3.258832500000000465e+01
3.361204013377926819e-02,3.260309571545265328e+01,7.805968070264662773e-01,3.259571957789827934e+01,1.022629160054915110e+00,3.259571957789823671e+01
3.377926421404682522e-02,3.261030789465081625e+01,7.806115604003001085e-01,3.260300460739147610e+01,1.022400657078538666e+00,3.260300460739143347e+01
3.394648829431438225e-02,3.261741375265927445e+01,7.806261953809892074e-01,3.261018224174334534e+01,1.022175622516549254e+00,3.261018224174330982e+01
3.411371237458194622e-02,3.262441536909697248e+01,7.806407118143672275e-01,3.261725458157122404e+01,1.021953986040427864e+00,3.261725458157119562e+01
3.428093645484950325e-02,3.263131477296107619e+01,7.806551096296426850e-01,3.262422367638315279e+01,1.021735679107112160e+00,3.262422367638311016e+01
3.444816053511706028e-02,3.263811394414452849e+01,7.806693888216352795e-01,3.263109152606281782e+01,1.021520634904548475e+00,3.263109152606277519e+01
3.461538461538461731e-02,3.264481481482412306e+01,7.806835494578804324e-01,3.263786008230455593e+01,1.021308788299055470e+00,3.263786008230452751e+01
3.478260869565218127e-02,3.265141927083340789e+01,7.806975916693851270e-01,3.264453125000003553e+01,1.021100075784733052e+00,3.264453125000000000e+01
3.494983277591973830e-02,3.265792915302623811e+01,7.807115156397010924e-01,3.265110688857859600e+01,1.020894435434651193e+00,3.265110688857856047e+01
3.511705685618729533e-02,3.266434625850337170e+01,7.807253216169524057e-01,3.265758881330312846e+01,1.020691806853601946e+00,3.265758881330310004e+01
3.528428093645485236e-02,3.267067234189109115e+01,7.807390098980381277e-01,3.266397879652301839e+01,1.020492131132561431e+00,3.266397879652298997e+01
3.545150501672240939e-02,3.267690911653016883e+01,7.807525808287546498e-01,3.267027856888574888e+01,1.020295350804830026e+00,3.267027856888572757e+01
3.561872909698997336e-02,3.268305825563719225e+01,7.807660348007143813e-01,3.267648982050889117e+01,1.020101409803560122e+00,3.267648982050886985e+01
3.578595317725753039e-02,3.268912139342588574e+01,7.807793722479674514e-01,3.268261420211374713e+01,1.019910253420815538e+00,3.268261420211372581e+01
3.595317725752508742e-02,3.269510012619431194e+01,7.807925936438264714e-01,3.268865332612224961e+01,1.019721828268024710e+00,3.268865332612223540e+01
3.612040133779264445e-02,3.270099601337444284e+01,7.808056994984928778e-01,3.269460876771835700e+01,1.019536082237665564e+00,3.269460876771833568e+01
3.628762541806020148e-02,3.270681057854989859e+01,7.808186903566283199e-01,3.270048206587528483e+01,1.019352964466462064e+00,3.270048206587526352e+01
3.645484949832776544e-02,3.271254531043961578e+01,7.808315667946127414e-01,3.270627472434983218e+01,1.019172425299638807e+00,3.270627472434980376e+01
3.662207357859532247e-02,3.271820166385189310e+01,7.808443294180990035e-01,3.271198821264501788e+01,1.018994416256471913e+00,3.271198821264499657e+01
3.678929765886287950e-02,3.272378106060602221e+01,7.808569788602557349e-01,3.271762396694217045e+01,1.018818889996795596e+00,3.271762396694214914e+01
3.695652173913043653e-02,3.272928489042669753e+01,7.808695157793398289e-01,3.272318339100348084e+01,1.018645800289010639e+00,3.272318339100345952e+01
3.712374581939800050e-02,3.273471451180923708e+01,7.808819408568233866e-01,3.272866785704626125e+01,1.018475101978711717e+00,3.272866785704623993e+01
3.729096989966555753e-02,3.274007125285712050e+01,7.808942547960630032e-01,3.273407870658974161e+01,1.018306750958663631e+00,3.273407870658972030e+01
3.745819397993311456e-02,3.274535641209620707e+01,7.809064583191821507e-01,3.273941725127552616e+01,1.018140704139568475e+00,3.273941725127551194e+01
3.762541806020067159e-02,3.275057125925933832e+01,7.809185521674791852e-01,3.274468477366257702e+01,1.017976919421849535e+00,3.274468477366255570e+01
3.779264214046822862e-02,3.275571703605086071e+01,7.809305370978668615e-01,3.274988252799751365e+01,1.017815355668421295e+00,3.274988252799749944e+01
3.795986622073579259e-02,3.276079495690328969e+01,7.809424138701376306e-01,3.275501174096142165e+01,1.017655972678157772e+00,3.275501174096140033e+01
3.812709030100334961e-02,3.276580620962128876e+01,7.809541832951787388e-01,3.276007361239357607e+01,1.017498731160445535e+00,3.276007361239356186e+01
3.829431438127090664e-02,3.277075195618544257e+01,7.809658461584744193e-01,3.276506931599323025e+01,1.017343592710253208e+00,3.276506931599321604e+01
3.846153846153846367e-02,3.277563333335373841e+01,7.809774032696813473e-01,3.277000000000002444e+01,1.017190519784338720e+00,3.277000000000000313e+01
3.862876254180602764e-02,3.278045145332394839e+01,7.809888554513036985e-01,3.277486678785381713e+01,1.017039475677935512e+00,3.277486678785380292e+01
3.879598662207358467e-02,3.278520740439513048e+01,7.810002035247687324e-01,3.277967077883474190e+01,1.016890424502228996e+00,3.277967077883472058e+01
3.896321070234114170e-02,3.278990225151321880e+01,7.810114483477557101e-01,3.278441304868390205e+01,1.016743331162715203e+00,3.278441304868389494e+01
3.913043478260869873e-02,3.279453703702002088e+01,7.810225907260560652e-01,3.278909465020578295e+01,1.016598161337869621e+00,3.278909465020576164e+01
3.929765886287625576e-02,3.279911278104724204e+01,7.810336315174430943e-01,3.279371661385243897e+01,1.016454881458981108e+00,3.279371661385242476e+01
3.946488294314381973e-02,3.280363048214118749e+01,7.810445715937366362e-01,3.279827994829073390e+01,1.016313458690099258e+00,3.279827994829071969e+01
3.963210702341137676e-02,3.280809111787666410e+01,7.810554118036192595e-01,3.280278564095262794e+01,1.016173860908840210e+00,3.280278564095260663e+01
3.979933110367893379e-02,3.281249564531701424e+01,7.810661530088188753e-01,3.280723465856932819e+01,1.016036056688065292e+00,3.280723465856931398e+01
3.996655518394649081e-02,3.281684500154663198e+01,7.810767960728265402e-01,3.281162794768999902e+01,1.015900015277358071e+00,3.281162794768999191e+01
4.013377926421404784e-02,3.282114010416674432e+01,7.810873418620984943e-01,3.281596643518520295e+01,1.015765706585830763e+00,3.281596643518518874e+01
4.030100334448161181e-02,3.282538185178179191e+01,7.810977912438293869e-01,3.282025102873574696e+01,1.015633101165118957e+00,3.282025102873573275e+01
4.046822742474916884e-02,3.282957112446782588e+01,7.811081450863475162e-01,3.282448261730757366e+01,1.015502170192841058e+00,3.282448261730755945e+01
4.063545150501672587e-02,3.283370878423006189e+01,7.811184042581109654e-01,3.282866207161285388e+01,1.015372885456609087e+00,3.282866207161284677e+01
4.080267558528428290e-02,3.283779567544566191e+01,7.811285696272747270e-01,3.283279024455793405e+01,1.015245219338542393e+00,3.283279024455791983e+01
4.096989966555184687e-02,3.284183262529507630e+01,7.811386420612382864e-01,3.283686797167847971e+01,1.015119144800373352e+00,3.283686797167846549e+01
4.113712374581940390e-02,3.284582044418006319e+01,7.811486224261547928e-01,3.284089607156235502e+01,1.014994635368585030e+00,3.284089607156234791e+01
4.130434782608696093e-02,3.284975992613122742e+01,7.811585115862518247e-01,3.284487534626038752e+01,1.014871665120474775e+00,3.284487534626038752e+01
4.147157190635451796e-02,3.285365184920226511e+01,7.811683104039514047e-01,3.284880658168574996e+01,1.014750208670211373e+00,3.284880658168574996e+01
4.163879598662207498e-02,3.285749697585522711e+01,7.811780197390807423e-01,3.285269054800191668e+01,1.014630241155721757e+00,3.285269054800191668e+01
4.180602006688963895e-02,3.286129605333337622e+01,7.811876404482589464e-01,3.285652800000002571e+01,1.014511738225424287e+00,3.285652800000000440e+01
4.197324414715719598e-02,3.286504981402420356e+01,7.811971733855535005e-01,3.286031967746544069e+01,1.014394676026004083e+00,3.286031967746544069e+01
4.214046822742475301e-02,3.286875897581256112e+01,7.812066194009427145e-01,3.286406630553457120e+01,1.014279031189734503e+00,3.286406630553456409e+01
4.230769230769231004e-02,3.287242424242435845e+01,7.812159793406884267e-01,3.286776859504133341e+01,1.014164780823063383e+00,3.286776859504132631e+01
4.247491638795987401e-02,3.287604630375935955e+01,7.812252540474126095e-01,3.287142724285449447e+01,1.014051902494709667e+00,3.287142724285448736e+01
4.264214046822743104e-02,3.287962583621684587e+01,7.812344443588561393e-01,3.287504293220557372e+01,1.013940374224682639e+00,3.287504293220556661e+01
4.280936454849498807e-02,3.288316350301118263e+01,7.812435511083413164e-01,3.287861633300781961e+01,1.013830174473277168e+00,3.287861633300781250e+01
4.297658862876254510e-02,3.288665995447819057e+01,7.812525751248571293e-01,3.288214810216657469e+01,1.013721282130499057e+00,3.288214810216657469e+01
4.314381270903010213e-02,3.289011582837570558e+01,7.812615172316635936e-01,3.288563888388119238e+01,1.013613676505789929e+00,3.288563888388117817e+01
4.331103678929766609e-02,3.289353175017273401e+01,7.812703782472814051e-01,3.288908930993873980e+01,1.013507337318108714e+00,3.288908930993873270e+01
4.347826086956522312e-02,3.289690833333341402e+01,7.812791589848124829e-01,3.289250000000000540e+01,1.013402244685969400e+00,3.289249999999999829e+01
4.364548494983278015e-02,3.290024617959227982e+01,7.812878602519229831e-01,3.289587156187765515e+01,1.013298379118244386e+00,3.289587156187764094e+01
4.381270903010033718e-02,3.290354587922247021e+01,7.812964828503839998e-01,3.289920459180701329e+01,1.013195721504894120e+00,3.289920459180700618e+01
4.397993311036790115e-02,3.290680801129607858e+01,7.813050275766204589e-01,3.290249967470977310e+01,1.013094253107921006e+00,3.290249967470977310e+01
4.414715719063545818e-02,3.291003314393949353e+01,7.813134952206705064e-01,3.290575738445057397e+01,1.012993955552729641e+00,3.290575738445056686e+01
4.431438127090301521e-02,3.291322183457928219e+01,7.813218865668686286e-01,3.290897828408687076e+01,1.012894810819798597e+00,3.290897828408687076e+01
4.448160535117057224e-02,3.291637463018435739e+01,7.813302023931912865e-01,3.291216292611228056e+01,1.012796801236263367e+00,3.291216292611227345e+01
4.464882943143812927e-02,3.291949206749981727e+01,7.813384434714434335e-01,3.291531185269350601e+01,1.012699909467986492e+00,3.291531185269349891e+01
4.481605351170569324e-02,3.292257467327527820e+01,7.813466105673589901e-01,3.291842559590109829e+01,1.012604118511779561e+00,3.291842559590109119e+01
4.498327759197325026e-02,3.292562296448829784e+01,7.813547044400304120e-01,3.292150467793426571e+01,1.012509411687799066e+00,3.292150467793425150e+01
4.515050167224080729e-02,3.292863744855958430e+01,7.813627258425748234e-01,3.292454961133975644e+01,1.012415772632218491e+00,3.292454961133973512e+01
4.531772575250836432e-02,3.293161862356642189e+01,7.813706755208454924e-01,3.292756089922524154e+01,1.012323185289959016e+00,3.292756089922522733e+01
4.548494983277592829e-02,3.293456697844582237e+01,7.813785542149419561e-01,3.293053903546714167e+01,1.012231633907718198e+00,3.293053903546712746e+01
4.565217391304348532e-02,3.293748299319728545e+01,7.813863626580899169e-01,3.293348450491308199e+01,1.012141103027247357e+00,3.293348450491307489e+01
4.581939799331104235e-02,3.294036713907693326e+01,7.813941015765266673e-01,3.293639778357931647e+01,1.012051577478574105e+00,3.293639778357930936e+01
4.598662207357859938e-02,3.294321987878774394e+01,7.814017716906508371e-01,3.293927933884297943e+01,1.011963042373716926e+00,3.293927933884297943e+01
4.615384615384615641e-02,3.294604166666660916e+01,7.814093737132314921e-01,3.294212962962964042e+01,1.011875483100264539e+00,3.294212962962963331e+01
4.632107023411372038e-02,3.294883294886334113e+01,7.814169083510640323e-01,3.294494910659595632e+01,1.011788885315330955e+00,3.294494910659594211e+01
4.648829431438127741e-02,3.295159416351815196e+01,7.814243763041288648e-01,3.294773821230785416e+01,1.011703234939549167e+00,3.294773821230785416e+01
4.665551839464883443e-02,3.295432574093342737e+01,7.814317782655477718e-01,3.295049738141425166e+01,1.011618518151273793e+00,3.295049738141425166e+01
4.682274247491639146e-02,3.295702810374156400e+01,7.814391149217079224e-01,3.295322704081633702e+01,1.011534721380886737e+00,3.295322704081632992e+01
4.698996655518394849e-02,3.295970166706783289e+01,7.814463869523659012e-01,3.295592760983271319e+01,1.011451831305379079e+00,3.295592760983270608e+01
4.715719063545151246e-02,3.296234683869024451e+01,7.814535950307596179e-01,3.295859950036048502e+01,1.011369834842911652e+00,3.295859950036047792e+01
4.732441471571906949e-02,3.296496401919533525e+01,7.814607398230501989e-01,3.296124311703231058e+01,1.011288719147509063e+00,3.296124311703230347e+01
4.749163879598662652e-02,3.296755360212922881e+01,7.814678219889797939e-01,3.296385885736957277e+01,1.011208471604078785e+00,3.296385885736957277e+01
4.765886287625418355e-02,3.297011597414600459e+01,7.814748421813915158e-01,3.296644711193187760e+01,1.011129079823370303e+00,3.296644711193187760e+01
4.782608695652174752e-02,3.297265151515166082e+01,7.814818010469086751e-01,3.296900826446280774e+01,1.011050531637119665e+00,3.296900826446281485e+01
4.799331103678930455e-02,3.297516059844551961e+01,7.814886992249022724e-01,3.297154269203220167e+01,1.010972815093316379e+00,3.297154269203220167e+01
4.816053511705686158e-02,3.297764359085668673e+01,7.814955373489529400e-01,3.297405076517490130e+01,1.010895918451670372e+00,3.297405076517490130e+01
4.832775919732441861e-02,3.298010085287949522e+01,7.815023160453106188e-01,3.297653284802625251e+01,1.010819830178967260e+00,3.297653284802624540e+01
4.849498327759197563e-02,3.298253273880342817e+01,7.815090359338966453e-01,3.297898929845423055e+01,1.010744538944849724e+00,3.297898929845422344e+01
4.866220735785953960e-02,3.298493959684034138e+01,7.815156976284326484e-01,3.298142046818846040e+01,1.010670033617402375e+00,3.298142046818846040e+01
4.882943143812709663e-02,3.298732176925032178e+01,7.815223017359311797e-01,3.298382670294616048e+01,1.010596303259004625e+00,3.298382670294614627e+01
4.899665551839465366e-02,3.298967959246308368e+01,7.815288488567344594e-01,3.298620834255495993e+01,1.010523337122396059e+00,3.298620834255495282e+01
4.916387959866221069e-02,3.299201339719601833e+01,7.815353395851126761e-01,3.298856572107300877e+01,1.010451124646515542e+00,3.298856572107300877e+01
4.933110367892977466e-02,3.299432350857060214e+01,7.815417745090058599e-01,3.299089916690606827e+01,1.010379655452691150e+00,3.299089916690606827e+01
4.949832775919733169e-02,3.299661024622639616e+01,7.815481542095046308e-01,3.299320900292184433e+01,1.010308919340992873e+00,3.299320900292184433e+01
4.966555183946488872e-02,3.299887392442968093e+01,7.815544792622775017e-01,3.299549554656177719e+01,1.010238906286299310e+00,3.299549554656176298e+01
4.983277591973244575e-02,3.300111485218392460e+01,7.815607502358941083e-01,3.299775910995001027e+01,1.010169606434943024e+00,3.299775910995000316e+01
5.000000000000000278e-02,3.300333333333355057e+01,7.815669676930078191e-01,3.300000000000000711e+01,1.010101010101007502e+00,3.300000000000000000e+01
